01	materials/research-notes/co-creation-tool/VideoPro_20260523_164401_-_frame_at_0m0s.jpg
02	materials/research-notes/co-creation-tool/20260522_152215.jpg
03	materials/research-notes/co-creation-tool/image 8.png
04	materials/research-notes/co-creation-tool/image 10.png
05	materials/research-notes/co-creation-tool/image 9.png
06	materials/research-notes/co-creation-tool/R2.png
07	materials/research-notes/co-creation-tool/R3.png
08	materials/research-notes/co-creation-tool/R1.png
09	materials/research-notes/co-creation-tool/VideoPro_20260523_164410_-_frame_at_0m0s.jpg
10	materials/research-notes/co-creation-tool/20260615_194946.jpg
11	materials/research-notes/co-creation-tool/R0.png
12	materials/research-notes/co-creation-tool/image 7.png
13	materials/research-notes/co-creation-tool/image 6.png
14	materials/research-notes/co-creation-tool/画板_3.png
15	materials/research-notes/co-creation-tool/image 4.png
16	materials/research-notes/co-creation-tool/20260615_195011.jpg
17	materials/research-notes/co-creation-tool/image 5.png
18	materials/research-notes/co-creation-tool/画板_2.png
19	materials/research-notes/co-creation-tool/image 1.png
20	materials/research-notes/co-creation-tool/20260615_194849.jpg
21	materials/research-notes/co-creation-tool/20260615_194915.jpg
22	materials/research-notes/co-creation-tool/画板_2 1.png
23	materials/research-notes/co-creation-tool/image 2.png
24	materials/research-notes/co-creation-tool/image.png
25	materials/research-notes/co-creation-tool/image 3.png